{
    "alpaca_marked_g10_d100_rep_10_4-29-3-1.npy": 1.481626669768276e-35,
    "alpaca_marked_g10_d10_rep_10_4-28-21-41.npy": 4.305953548486044e-37,
    "alpaca_marked_g10_d1_rep_10_4-28-17-36.npy": 1.3957486876175966e-10,
    "alpaca_marked_g10_d50_rep_10_4-29-0-21.npy": 4.306509630006484e-36,
    "alpaca_marked_g10_d5_rep_10_4-28-19-8.npy": 4.774103234312052e-16,
    "alpaca_marked_g25_d100_rep_10_4-29-17-7.npy": 2.1404312022425276e-11,
    "alpaca_marked_g25_d10_rep_10_4-29-10-2.npy": 1.9251633463680392e-10,
    "alpaca_marked_g25_d1_rep_10_4-29-4-44.npy": 3.1003521572576147e-13,
    "alpaca_marked_g25_d50_rep_10_4-29-13-45.npy": 4.519346175662498e-14,
    "alpaca_marked_g25_d5_rep_10_4-29-6-43.npy": 2.1919599833295492e-11,
    "alpaca_marked_g50_d100_rep_10_4-30-5-22.npy": 0.060234388935632426,
    "alpaca_marked_g50_d10_rep_10_4-30-0-13.npy": 0.008949562405884471,
    "alpaca_marked_g50_d1_rep_10_4-29-19-21.npy": 4.1696052406884133e-13,
    "alpaca_marked_g50_d50_rep_10_4-30-2-47.npy": 0.06613595445797117,
    "alpaca_marked_g50_d5_rep_10_4-29-21-38.npy": 0.014483898513328734,
    "alpaca_marked_g75_d100_rep_10_4-30-19-4.npy": 0.4817513899060404,
    "alpaca_marked_g75_d10_rep_10_4-30-13-30.npy": 0.5193985827904103,
    "alpaca_marked_g75_d1_rep_10_4-30-8-4.npy": 0.0001452341605993026,
    "alpaca_marked_g75_d50_rep_10_4-30-16-16.npy": 0.39802214115614776,
    "alpaca_marked_g75_d5_rep_10_4-30-10-46.npy": 0.34965901823409545,
    "alpaca_unmarked_5-4-19-22.npy": 0.6320922249697607
}