{
    "alpaca_marked_g10_d1_rep_10_4-28-17-36.npy": 1.0,
    "alpaca_marked_g75_d5_rep_10_4-30-10-46.npy": 2.9506008242344797e-174,
    "alpaca_marked_g50_d1_rep_10_4-29-19-21.npy": 0.3393633805365633,
    "alpaca_marked_g25_d1_rep_10_4-29-4-44.npy": 0.000929977128997009,
    "alpaca_marked_g10_d10_rep_10_4-28-21-41.npy": 1.3126061198100872e-94,
    "alpaca_marked_g75_d1_rep_10_4-30-8-4.npy": 3.680532249220541e-30,
    "alpaca_marked_g75_d100_rep_10_4-30-19-4.npy": 1.5729912587366773e-181,
    "alpaca_marked_g50_d100_rep_10_4-30-5-22.npy": 6.974570016064144e-133,
    "alpaca_marked_g10_d50_rep_10_4-29-0-21.npy": 2.713884153949142e-109,
    "alpaca_marked_g25_d50_rep_10_4-29-13-45.npy": 1.4686464406742677e-99,
    "alpaca_marked_g10_d100_rep_10_4-29-3-1.npy": 1.669865745518459e-104,
    "alpaca_marked_g50_d5_rep_10_4-29-21-38.npy": 1.745059322248895e-113,
    "alpaca_marked_g75_d50_rep_10_4-30-16-16.npy": 1.662581577375992e-172,
    "alpaca_marked_g25_d100_rep_10_4-29-17-7.npy": 1.9900133332484954e-99,
    "alpaca_marked_g10_d5_rep_10_4-28-19-8.npy": 4.903581253932652e-90,
    "alpaca_marked_g50_d50_rep_10_4-30-2-47.npy": 3.307899996088094e-131,
    "alpaca_marked_g25_d10_rep_10_4-29-10-2.npy": 1.7412353968771171e-100,
    "alpaca_marked_g50_d10_rep_10_4-30-0-13.npy": 5.461367312561842e-123,
    "alpaca_marked_g25_d5_rep_10_4-29-6-43.npy": 8.297952316434739e-97,
    "alpaca_marked_g75_d10_rep_10_4-30-13-30.npy": 2.6252307622255116e-167
}