{
    "flan_marked_g10_d100_rep_10_4-29-16-6.npy": 8.111404320121557e-08,
    "flan_marked_g10_d100_rep_10_4-29-5-58.npy": 6.287613693157998e-10,
    "flan_marked_g10_d10_rep_10_4-28-23-58.npy": 1.222336306578336e-09,
    "flan_marked_g10_d10_rep_10_4-29-7-2.npy": 7.11329116708302e-07,
    "flan_marked_g10_d1_rep_10_4-28-18-2.npy": 3.544498770936955e-07,
    "flan_marked_g10_d1_rep_10_4-28-22-28.npy": 0.028022163627219633,
    "flan_marked_g10_d50_rep_10_4-29-11-17.npy": 6.747865755533482e-07,
    "flan_marked_g10_d50_rep_10_4-29-2-53.npy": 1.892666949310327e-09,
    "flan_marked_g10_d5_rep_10_4-28-20-53.npy": 2.550801972115443e-09,
    "flan_marked_g10_d5_rep_10_4-29-2-42.npy": 4.2967617383416907e-08,
    "flan_marked_g25_d100_rep_10_4-29-19-53.npy": 1.3349329193291108e-06,
    "flan_marked_g25_d100_rep_10_4-30-14-33.npy": 1.2893285303961837e-05,
    "flan_marked_g25_d10_rep_10_4-29-14-47.npy": 6.473690974990818e-09,
    "flan_marked_g25_d10_rep_10_4-30-5-56.npy": 0.0015615473518242307,
    "flan_marked_g25_d1_rep_10_4-29-21-1.npy": 0.0020360742311109903,
    "flan_marked_g25_d1_rep_10_4-29-8-51.npy": 0.00033724203800081324,
    "flan_marked_g25_d50_rep_10_4-29-17-26.npy": 2.5905491501827216e-07,
    "flan_marked_g25_d50_rep_10_4-30-10-11.npy": 0.00017830751167060047,
    "flan_marked_g25_d5_rep_10_4-29-11-55.npy": 3.9059810906256666e-07,
    "flan_marked_g25_d5_rep_10_4-30-1-22.npy": 2.418854367110076e-05,
    "flan_marked_g50_d100_rep_10_5-1-19-18.npy": 0.0539342232925514,
    "flan_marked_g50_d10_rep_10_5-1-8-8.npy": 0.0569366872891434,
    "flan_marked_g50_d1_rep_10_4-29-23-46.npy": 0.0002443950871697642,
    "flan_marked_g50_d1_rep_10_4-30-20-52.npy": 0.01723662153906487,
    "flan_marked_g50_d50_rep_10_5-1-13-42.npy": 0.05366853368798544,
    "flan_marked_g50_d5_rep_10_5-1-2-23.npy": 0.023315841162259588,
    "flan_marked_g75_d100_rep_10_5-3-6-36.npy": 0.2343619334303982,
    "flan_marked_g75_d10_rep_10_5-2-16-44.npy": 0.22454425872063177,
    "flan_marked_g75_d1_rep_10_5-2-2-58.npy": 0.4247245793777894,
    "flan_marked_g75_d50_rep_10_5-2-23-40.npy": 0.3430315266591945,
    "flan_marked_g75_d5_rep_10_5-2-9-46.npy": 0.12428791674079376,
    "flan_unmarked_5-4-21-14.npy": 0.8005645790219736
}