{
    "flan_marked_g25_d5_rep_10_4-29-11-55.npy": 3.394931510342396e-230,
    "flan_marked_g25_d1_rep_10_4-29-8-51.npy": 9.170776105117147e-07,
    "flan_marked_g25_d100_rep_10_4-30-14-33.npy": 2.5375920786613922e-158,
    "flan_marked_g25_d10_rep_10_4-30-5-56.npy": 2.622390435745755e-92,
    "flan_marked_g10_d5_rep_10_4-29-2-42.npy": 2.7746844590776557e-123,
    "flan_marked_g50_d100_rep_10_5-1-19-18.npy": 2.891473373923994e-149,
    "flan_marked_g25_d50_rep_10_4-30-10-11.npy": 1.007800558521119e-169,
    "flan_marked_g50_d1_rep_10_4-30-20-52.npy": 8.625311118337288e-59,
    "flan_marked_g10_d50_rep_10_4-29-2-53.npy": 1.7267651020902887e-158,
    "flan_marked_g50_d50_rep_10_5-1-13-42.npy": 4.456886125153326e-150,
    "flan_marked_g25_d50_rep_10_4-29-17-26.npy": 6.879185245291027e-308,
    "flan_marked_g25_d5_rep_10_4-30-1-22.npy": 2.2599681819018855e-211,
    "flan_marked_g10_d5_rep_10_4-28-20-53.npy": 2.303765388506349e-223,
    "flan_marked_g50_d5_rep_10_5-1-2-23.npy": 5.66341909108645e-191,
    "flan_marked_g50_d10_rep_10_5-1-8-8.npy": 6.514021286355296e-139,
    "flan_marked_g10_d10_rep_10_4-28-23-58.npy": 8.036448748329221e-157,
    "flan_marked_g10_d100_rep_10_4-29-16-6.npy": 1.8513342025826677e-73,
    "flan_marked_g10_d50_rep_10_4-29-11-17.npy": 1.977131952088728e-123,
    "flan_marked_g25_d100_rep_10_4-29-19-53.npy": 6.6539196484547846e-251,
    "flan_marked_g50_d1_rep_10_4-29-23-46.npy": 8.636450209468445e-05,
    "flan_marked_g10_d1_rep_10_4-28-22-28.npy": 2.499141372220935e-97,
    "flan_marked_g25_d1_rep_10_4-29-21-1.npy": 1.0070222909693575e-66,
    "flan_marked_g25_d10_rep_10_4-29-14-47.npy": 1.5695776985128702e-278,
    "flan_marked_g10_d100_rep_10_4-29-5-58.npy": 1.19701815721738e-133,
    "flan_marked_g10_d1_rep_10_4-28-18-2.npy": 1.0,
    "flan_marked_g10_d10_rep_10_4-29-7-2.npy": 3.6319261251659797e-140
}